{"train": [5.705448860677668, 5.358367095745337, 5.238075774887489, 5.158465185154431, 5.084808514225195], "val": [5.421119785418582, 5.243226201679682, 5.144847630082669, 5.077454227846977, 5.019526080514537]}