{"train": [6.4077253980636595, 6.115339489364624, 6.020809856033325, 5.949473038291931, 5.901347847366333, 5.961666670799255, 5.894438935661316, 5.864987869644165, 5.849427981948852, 5.847559149551391, 5.916424563217163, 5.859858315849304, 5.843628453445435, 5.832499546813965, 5.827034566879273], "val": [6.05269913520813, 5.928976822662354, 5.861042307090759, 5.801549386787414, 5.77084922618866, 5.795121936035156, 5.766757974624634, 5.741099971580505, 5.733600555229187, 5.736859323883056, 5.766042660522461, 5.747342915344238, 5.72354575214386, 5.730207728767395, 5.718456885147095]}