{"train": [5.993077044557073, 5.604887191193182, 5.464082430258258, 5.370068493383259, 5.286514855832634], "val": [5.69762500338491, 5.48584980861218, 5.364048262423281, 5.287438286527042, 5.213461593950938]}